sorto,ryssä,nais,torppar,työttömy,nykyi,histor,jumala,kirkko,jeesus,marx,sosialis,porwari,työ,työttömyy,työläi,työvä,kapitalis,taantu,taistel,toveri,vallankumou,torppari,agitaattori,köyhälistö,kärsi,orja,sort,sosialidemokraatti,lakko,vapau,voitto
1895,sorto,164
1895,ryssä,110
1895,nais,19493
1895,torppar,1171
1895,työttömy,38
1895,nykyi,3662
1895,histor,2453
1895,jumala,4744
1895,kirkko,5572
1895,jeesus,63
1895,marx,15
1895,sosialis,624
1895,porwari,281
1895,työ,31784
1895,työttömyy,38
1895,työläi,846
1895,työvä,912
1895,kapitalis,11
1895,taantu,740
1895,taistel,2518
1895,toveri,204
1895,vallankumou,52
1895,torppari,1072
1895,agitaattori,4
1895,köyhälistö,25
1895,kärsi,1873
1895,orja,5698
1895,sort,3377
1895,sosialidemokraatti,3
1895,lakko,284
1895,vapau,1013
1895,voitto,1129
1896,sorto,173
1896,ryssä,93
1896,nais,19416
1896,torppar,1248
1896,työttömy,48
1896,nykyi,3354
1896,histor,2176
1896,jumala,4739
1896,kirkko,5491
1896,jeesus,97
1896,marx,11
1896,sosialis,421
1896,porwari,427
1896,työ,36616
1896,työttömyy,48
1896,työläi,685
1896,työvä,1250
1896,kapitalis,9
1896,taantu,706
1896,taistel,2503
1896,toveri,199
1896,vallankumou,47
1896,torppari,1099
1896,agitaattori,6
1896,köyhälistö,64
1896,kärsi,1775
1896,orja,5383
1896,sort,3476
1896,sosialidemokraatti,2
1896,lakko,635
1896,vapau,1039
1896,voitto,960
1897,sorto,175
1897,ryssä,78
1897,nais,19854
1897,torppar,967
1897,työttömy,31
1897,nykyi,3359
1897,histor,2432
1897,jumala,4889
1897,kirkko,4980
1897,jeesus,91
1897,marx,11
1897,sosialis,232
1897,porwari,814
1897,työ,34088
1897,työttömyy,31
1897,työläi,614
1897,työvä,1160
1897,kapitalis,10
1897,taantu,709
1897,taistel,2963
1897,toveri,243
1897,vallankumou,56
1897,torppari,833
1897,agitaattori,7
1897,köyhälistö,28
1897,kärsi,1665
1897,orja,5123
1897,sort,3129
1897,sosialidemokraatti,9
1897,lakko,736
1897,vapau,1039
1897,voitto,961
1898,sorto,137
1898,ryssä,79
1898,nais,19368
1898,torppar,977
1898,työttömy,16
1898,nykyi,3381
1898,histor,2376
1898,jumala,5216
1898,kirkko,5945
1898,jeesus,162
1898,marx,12
1898,sosialis,407
1898,porwari,142
1898,työ,37585
1898,työttömyy,16
1898,työläi,655
1898,työvä,1582
1898,kapitalis,37
1898,taantu,679
1898,taistel,3044
1898,toveri,314
1898,vallankumou,68
1898,torppari,851
1898,agitaattori,2
1898,köyhälistö,39
1898,kärsi,1887
1898,orja,5088
1898,sort,2690
1898,sosialidemokraatti,1
1898,lakko,2446
1898,vapau,1305
1898,voitto,950
1899,sorto,177
1899,ryssä,238
1899,nais,19765
1899,torppar,1611
1899,työttömy,30
1899,nykyi,4160
1899,histor,2502
1899,jumala,5054
1899,kirkko,4808
1899,jeesus,124
1899,marx,21
1899,sosialis,493
1899,porwari,284
1899,työ,39146
1899,työttömyy,30
1899,työläi,605
1899,työvä,1891
1899,kapitalis,109
1899,taantu,688
1899,taistel,3151
1899,toveri,374
1899,vallankumou,79
1899,torppari,1328
1899,agitaattori,10
1899,köyhälistö,91
1899,kärsi,2226
1899,orja,4723
1899,sort,2576
1899,sosialidemokraatti,3
1899,lakko,1290
1899,vapau,1427
1899,voitto,1007
1900,sorto,231
1900,ryssä,88
1900,nais,19700
1900,torppar,1784
1900,työttömy,71
1900,nykyi,4192
1900,histor,2748
1900,jumala,5032
1900,kirkko,5543
1900,jeesus,135
1900,marx,14
1900,sosialis,383
1900,porwari,552
1900,työ,37101
1900,työttömyy,71
1900,työläi,663
1900,työvä,1544
1900,kapitalis,141
1900,taantu,655
1900,taistel,4745
1900,toveri,375
1900,vallankumou,55
1900,torppari,1475
1900,agitaattori,23
1900,köyhälistö,139
1900,kärsi,2578
1900,orja,4534
1900,sort,2982
1900,sosialidemokraatti,1
1900,lakko,1017
1900,vapau,1438
1900,voitto,1005
1901,sorto,177
1901,ryssä,43
1901,nais,19895
1901,torppar,1497
1901,työttömy,129
1901,nykyi,3294
1901,histor,2690
1901,jumala,4364
1901,kirkko,5006
1901,jeesus,157
1901,marx,26
1901,sosialis,511
1901,porwari,110
1901,työ,38142
1901,työttömyy,129
1901,työläi,699
1901,työvä,1519
1901,kapitalis,117
1901,taantu,719
1901,taistel,3501
1901,toveri,386
1901,vallankumou,61
1901,torppari,1261
1901,agitaattori,24
1901,köyhälistö,103
1901,kärsi,2106
1901,orja,4631
1901,sort,2652
1901,sosialidemokraatti,2
1901,lakko,727
1901,vapau,1036
1901,voitto,868
1902,sorto,184
1902,ryssä,45
1902,nais,20099
1902,torppar,1213
1902,työttömy,242
1902,nykyi,3100
1902,histor,2635
1902,jumala,4035
1902,kirkko,5039
1902,jeesus,122
1902,marx,62
1902,sosialis,949
1902,porwari,154
1902,työ,40678
1902,työttömyy,240
1902,työläi,714
1902,työvä,1752
1902,kapitalis,127
1902,taantu,700
1902,taistel,3058
1902,toveri,457
1902,vallankumou,95
1902,torppari,1047
1902,agitaattori,23
1902,köyhälistö,142
1902,kärsi,2302
1902,orja,5027
1902,sort,3000
1902,sosialidemokraatti,11
1902,lakko,936
1902,vapau,1166
1902,voitto,898
1903,sorto,221
1903,ryssä,40
1903,nais,19406
1903,torppar,1310
1903,työttömy,279
1903,nykyi,3122
1903,histor,2581
1903,jumala,4175
1903,kirkko,5380
1903,jeesus,146
1903,marx,22
1903,sosialis,720
1903,porwari,107
1903,työ,42806
1903,työttömyy,276
1903,työläi,749
1903,työvä,1964
1903,kapitalis,107
1903,taantu,747
1903,taistel,2909
1903,toveri,460
1903,vallankumou,137
1903,torppari,1082
1903,agitaattori,75
1903,köyhälistö,146
1903,kärsi,2028
1903,orja,4817
1903,sort,3348
1903,sosialidemokraatti,18
1903,lakko,686
1903,vapau,1192
1903,voitto,833
1904,sorto,155
1904,ryssä,31
1904,nais,19832
1904,torppar,1162
1904,työttömy,154
1904,nykyi,3126
1904,histor,2281
1904,jumala,4126
1904,kirkko,5364
1904,jeesus,137
1904,marx,16
1904,sosialis,399
1904,porwari,274
1904,työ,36094
1904,työttömyy,152
1904,työläi,782
1904,työvä,1582
1904,kapitalis,67
1904,taantu,673
1904,taistel,10085
1904,toveri,434
1904,vallankumou,62
1904,torppari,999
1904,agitaattori,26
1904,köyhälistö,113
1904,kärsi,2521
1904,orja,4789
1904,sort,3133
1904,sosialidemokraatti,20
1904,lakko,747
1904,vapau,1146
1904,voitto,840
1905,sorto,447
1905,ryssä,44
1905,nais,18859
1905,torppar,1081
1905,työttömy,104
1905,nykyi,3898
1905,histor,2572
1905,jumala,3594
1905,kirkko,5037
1905,jeesus,117
1905,marx,23
1905,sosialis,605
1905,porwari,389
1905,työ,41184
1905,työttömyy,103
1905,työläi,835
1905,työvä,1503
1905,kapitalis,88
1905,taantu,766
1905,taistel,6023
1905,toveri,366
1905,vallankumou,293
1905,torppari,961
1905,agitaattori,79
1905,köyhälistö,216
1905,kärsi,2071
1905,orja,5374
1905,sort,3566
1905,sosialidemokraatti,35
1905,lakko,2146
1905,vapau,1464
1905,voitto,708
1906,sorto,786
1906,ryssä,71
1906,nais,19945
1906,torppar,3864
1906,työttömy,153
1906,nykyi,4368
1906,histor,2336
1906,jumala,3610
1906,kirkko,4704
1906,jeesus,272
1906,marx,60
1906,sosialis,2364
1906,porwari,414
1906,työ,43439
1906,työttömyy,149
1906,työläi,1124
1906,työvä,1810
1906,kapitalis,249
1906,taantu,952
1906,taistel,4464
1906,toveri,405
1906,vallankumou,572
1906,torppari,3299
1906,agitaattori,451
1906,köyhälistö,428
1906,kärsi,1731
1906,orja,4132
1906,sort,3675
1906,sosialidemokraatti,168
1906,lakko,2816
1906,vapau,1685
1906,voitto,1083
1907,sorto,806
1907,ryssä,58
1907,nais,20888
1907,torppar,3131
1907,työttömy,104
1907,nykyi,4288
1907,histor,2366
1907,jumala,3809
1907,kirkko,5022
1907,jeesus,347
1907,marx,79
1907,sosialis,6119
1907,porwari,443
1907,työ,42355
1907,työttömyy,101
1907,työläi,1317
1907,työvä,1155
1907,kapitalis,300
1907,taantu,982
1907,taistel,3718
1907,toveri,379
1907,vallankumou,276
1907,torppari,2650
1907,agitaattori,471
1907,köyhälistö,498
1907,kärsi,1704
1907,orja,4696
1907,sort,3751
1907,sosialidemokraatti,369
1907,lakko,1734
1907,vapau,1089
1907,voitto,1009
1908,sorto,548
1908,ryssä,109
1908,nais,19422
1908,torppar,2711
1908,työttömy,323
1908,nykyi,4008
1908,histor,2407
1908,jumala,3419
1908,kirkko,5492
1908,jeesus,314
1908,marx,49
1908,sosialis,6601
1908,porwari,490
1908,työ,38796
1908,työttömyy,315
1908,työläi,1210
1908,työvä,942
1908,kapitalis,160
1908,taantu,1137
1908,taistel,3581
1908,toveri,352
1908,vallankumou,181
1908,torppari,2344
1908,agitaattori,341
1908,köyhälistö,383
1908,kärsi,1408
1908,orja,4300
1908,sort,3369
1908,sosialidemokraatti,273
1908,lakko,995
1908,vapau,1028
1908,voitto,1035
1909,sorto,480
1909,ryssä,75
1909,nais,19188
1909,torppar,1999
1909,työttömy,406
1909,nykyi,4122
1909,histor,2346
1909,jumala,3199
1909,kirkko,4854
1909,jeesus,292
1909,marx,41
1909,sosialis,4231
1909,porwari,391
1909,työ,38510
1909,työttömyy,400
1909,työläi,1210
1909,työvä,1045
1909,kapitalis,121
1909,taantu,996
1909,taistel,3619
1909,toveri,454
1909,vallankumou,223
1909,torppari,1761
1909,agitaattori,181
1909,köyhälistö,239
1909,kärsi,1537
1909,orja,4473
1909,sort,3222
1909,sosialidemokraatti,230
1909,lakko,1335
1909,vapau,958
1909,voitto,894
